test_name,effect_Natural,pvalue_Natural,test_result_Natural,effect_Synthetic,pvalue_Synthetic,test_result_Synthetic
A,-0.026491449034753808,0.0477,Not significant,-0.1498392678601783,0.0,Depleted
C,3.448154117624524,0.0,Enriched,0.5234049297657919,0.0,Enriched
D,-0.518038216889798,0.0,Depleted,-0.7338419282762759,0.0,Depleted
E,-0.6222728487401867,0.0,Depleted,-0.7187560111951982,0.0,Depleted
F,0.13996176959860188,0.0,Enriched,0.35700004013405157,0.0,Enriched
G,0.5837227912713479,0.0,Enriched,-0.09035328558689479,0.0,Depleted
H,-0.09342519891102818,0.0,Depleted,-0.10438178687619591,0.0,Depleted
I,0.044381448632043685,0.0027,Not significant,0.09035796421493637,0.0,Enriched
K,0.6206350621694082,0.0,Enriched,1.7180102176104244,0.0,Enriched
L,-0.08109107881983721,0.0,Depleted,0.21240976657631272,0.0,Enriched
M,-0.4863305937660866,0.0,Depleted,-0.6031667060416073,0.0,Depleted
N,-0.10961577128718096,0.0,Depleted,-0.45070318914176744,0.0,Depleted
P,0.06601326772423309,0.0,Enriched,-0.26435809034163615,0.0,Depleted
Q,-0.35257836929215336,0.0,Depleted,-0.46506865554245114,0.0,Depleted
R,0.06486851134396966,0.0,Enriched,1.1050482615725157,0.0,Enriched
S,-0.15964513438637443,0.0,Depleted,-0.4573284884477313,0.0,Depleted
T,-0.2425095026596838,0.0,Depleted,-0.5386302239419422,0.0,Depleted
V,-0.12573704138115288,0.0,Depleted,-0.18361852859574448,0.0,Depleted
W,0.4686852073761552,0.0,Enriched,3.7604285459236015,0.0,Enriched
Y,-0.19794209956259431,0.0,Depleted,-0.33682946346020703,0.0,Depleted
Aromatic,0.0596375464094441,0.0,Enriched,0.5742316381631557,0.0,Enriched
Charged,-0.12280769316992148,0.0,Depleted,0.3212376102100131,0.0,Enriched
Positively charged,0.3549327637809563,0.0,Enriched,1.4249637931682522,0.0,Enriched
Negatively charged,-0.5758689387095354,0.0,Depleted,-0.7254720663731451,0.0,Depleted
Polar (Zimmerman),0.13456684478457276,0.0,Enriched,0.04303287381486802,0.0,Enriched
Hydrophobic (Eisenberg),0.07782514804027481,0.0,Enriched,0.024626839804209582,0.0,Enriched
Hydrophobic (Kyte-Doolittle),0.03131296225423849,0.0,Enriched,-0.002605113871985812,0.4314,Not significant
Hydrophobic (Fauchere-Pliska),-0.14126271342251204,0.0,Depleted,-0.08616122009943639,0.0,Depleted
Exposed (Janin),-0.02805851314847049,0.0,Depleted,-0.022390987912072616,0.0,Depleted
Flexible (Vihinen),0.0603989475430987,0.0,Enriched,0.20124848068487033,0.0,Enriched
High interface propencity (Jones-Thornton),-0.04590557295771588,0.0,Depleted,-0.08178641379863723,0.0,Depleted
High solvation potenential (Jones-Thornton),0.033385189300910854,0.0,Enriched,0.07201308876004422,0.0,Enriched
Frequent in alpha helices (Nagano),0.10548730878834249,0.0,Enriched,0.13762292220440586,0.0,Enriched
Frequent in beta sheets (Nagano),-0.03535583172603891,0.0,Depleted,0.24052117537857434,0.0,Enriched
Frequent in coils (Nagano),-0.12017891375186227,0.0,Depleted,0.2831584906795692,0.0,Enriched
High linker propensity (George-Heringa),-0.05842113647574544,0.0,Depleted,0.15546056567775737,0.0,Enriched
Disorder promoting (Dunker),0.010222351797788064,0.0141,Not significant,0.016578354703444622,0.0,Enriched
Order promoting (Dunker),0.08547532882209384,0.0,Enriched,-0.18121063639076807,0.0,Depleted
Bulky (Zimmerman),-0.17586059129734166,0.0,Depleted,-0.08285768599838245,0.0,Depleted
Large (Dawson),-0.07225481624633018,0.0,Depleted,0.11244719629494913,0.0,Enriched
