dimension,group,rows_clean,shorter_than_10aa_not_clustered,sent_to_cdhit,kept_from_cdhit,rows_nr90,removed_by_cdhit
by_domain,Archaea,3,0,3,3,3,0
by_domain,Bacteria,568,192,376,293,485,83
by_domain,Eukarya,2970,265,2705,2016,2281,689
by_kingdom,Animalia,2421,80,2341,1750,1830,591
by_kingdom,Archaea,7,4,3,3,7,0
by_kingdom,Bacteria,581,203,378,294,497,84
by_kingdom,Fungi,217,153,64,40,193,24
by_kingdom,Plantae,345,47,298,225,272,73
by_kingdom,Protista,2,0,2,2,2,0
by_kingdom,Unresolved,15154,2327,12827,6783,9110,6044
by_kingdom,Virus,2,0,2,1,1,1
by_length_class,Antimicrobial_Protein_100_aa,21,0,21,19,19,2
by_length_class,Long_50100_aa,284,0,284,224,224,60
by_length_class,Medium_2550_aa,3789,0,3789,2243,2243,1546
by_length_class,Out_of_range_2_aa,15,15,0,0,15,0
by_length_class,Short_1024_aa,11709,0,11709,6563,6563,5146
by_length_class,Ultrashort_29_aa,2721,2721,0,0,2721,0
by_origin,Natural,3572,473,3099,2324,2797,775
by_origin,Synthetic,15134,2316,12818,6776,9092,6042
by_target_group,antibacterial_gram_neg,14858,1900,12958,7080,8980,5878
by_target_group,antibacterial_gram_pos,14425,2039,12386,6945,8984,5441
by_target_group,antibiofilm,587,111,476,355,466,121
by_target_group,anticancer,3370,668,2702,1682,2350,1020
by_target_group,antifungal,5404,900,4504,2652,3552,1852
by_target_group,antimollicute,40,7,33,25,32,8
by_target_group,antiparasitic,355,52,303,209,261,94
by_target_group,antiprotozoal,42,4,38,32,36,6
by_target_group,antiviral,1345,154,1191,627,781,564
by_target_group,insecticidal,90,6,84,54,60,30
by_target_group,mammalian_cytotoxic,10165,1275,8890,5064,6339,3826
by_target_group,nematicidal,49,10,39,24,34,15
by_target_object,APJ_receptor,4,0,4,1,1,3
by_target_object,Cytoplasmic_Protein,483,106,377,150,256,227
by_target_object,DNA_-_RNA,271,26,245,186,212,59
by_target_object,EgpDV,9,1,8,6,7,2
by_target_object,Immunomodulation,83,15,68,51,66,17
by_target_object,Lipid_Bilayer,15298,1898,13400,7194,9092,6206
by_target_object,Lysosomal_membrane,21,20,1,1,21,0
by_target_object,Membrane_Protein,251,113,138,75,188,63
by_target_object,Mitochondrial_membrane,55,27,28,13,40,15
by_target_object,Quorum_Sensing,76,76,0,0,76,0
by_target_object,Ribosome,211,3,208,63,66,145
by_target_object,Sgp,20,4,16,14,18,2
by_target_object,VIF,3,0,3,3,3,0
by_target_object,Virus_Integrase,161,27,134,72,99,62
by_target_object,Virus_Protease,84,26,58,36,62,22
by_target_object,Virus_Reverse_Transcriptase,44,4,40,32,36,8
by_target_object,Virus_entry,708,28,680,330,358,350
by_target_object,Virus_replication,292,23,269,152,175,117
by_target_object,gD,4,0,4,1,1,3
by_target_object,gp120,14,0,14,11,11,3
by_target_object,gp41,87,0,87,43,43,44
by_target_object,gpE,5,0,5,5,5,0
by_target_object,gpHA,11,9,2,2,11,0
