file,rows_raw,missing_sequence,length_mismatch_monomers,after_exact_duplicates,after_multichain_removed,after_all_X_removed,rows_clean,ids_unique
by_domain/Archaea.csv,3,0,0,3,3,3,3,True
by_domain/Bacteria.csv,897,0,0,742,722,715,568,True
by_domain/Eukarya.csv,3456,0,0,3228,3214,3197,2970,True
by_kingdom/Animalia.csv,2710,0,0,2587,2584,2583,2421,True
by_kingdom/Archaea.csv,13,0,0,10,10,8,7,True
by_kingdom/Bacteria.csv,925,0,0,764,744,735,581,True
by_kingdom/Fungi.csv,393,0,0,306,295,279,217,True
by_kingdom/Plantae.csv,371,0,0,349,349,349,345,True
by_kingdom/Protista.csv,2,0,0,2,2,2,2,True
by_kingdom/Unresolved.csv,21158,0,0,19547,18946,18624,15154,True
by_kingdom/Virus.csv,2,0,0,2,2,2,2,True
by_length_class/Antimicrobial_Protein_100_aa.csv,30,0,0,30,21,21,21,True
by_length_class/Long_50100_aa.csv,504,0,0,490,286,286,284,True
by_length_class/Medium_2550_aa.csv,4583,0,0,4312,4082,4082,3789,True
by_length_class/Out_of_range_2_aa.csv,156,0,0,153,153,79,15,True
by_length_class/Short_1024_aa.csv,15282,0,0,14125,13977,13905,11709,True
by_length_class/Ultrashort_29_aa.csv,4987,0,0,4432,4388,4186,2721,True
by_origin/Natural.csv,4493,0,0,4087,3990,3963,3572,True
by_origin/Synthetic.csv,21049,0,0,19455,18917,18596,15134,True
by_target_group/antibacterial_gram_neg.csv,20193,0,0,18699,18309,18023,14858,True
by_target_group/antibacterial_gram_pos.csv,19626,0,0,18209,17705,17396,14425,True
by_target_group/antibiofilm.csv,793,0,0,719,707,690,587,True
by_target_group/anticancer.csv,4495,0,0,4014,3941,3860,3370,True
by_target_group/antifungal.csv,6982,0,0,6579,6518,6447,5404,True
by_target_group/antimollicute.csv,52,0,0,50,49,49,40,True
by_target_group/antiparasitic.csv,475,0,0,430,404,402,355,True
by_target_group/antiprotozoal.csv,46,0,0,46,46,46,42,True
by_target_group/antiviral.csv,1637,0,0,1517,1480,1473,1345,True
by_target_group/insecticidal.csv,118,0,0,96,96,96,90,True
by_target_group/mammalian_cytotoxic.csv,14154,0,0,13006,12738,12533,10165,True
by_target_group/nematicidal.csv,62,0,0,51,51,51,49,True
by_target_object/APJ_receptor.csv,4,0,0,4,4,4,4,True
by_target_object/Cytoplasmic_Protein.csv,676,0,0,588,575,567,483,True
by_target_object/DNA_-_RNA.csv,371,0,0,343,327,309,271,True
by_target_object/EgpDV.csv,9,0,0,9,9,9,9,True
by_target_object/Immunomodulation.csv,104,0,0,94,91,89,83,True
by_target_object/Lipid_Bilayer.csv,20814,0,0,19273,18740,18489,15298,True
by_target_object/Lysosomal_membrane.csv,41,0,0,38,38,38,21,True
by_target_object/Membrane_Protein.csv,446,0,0,377,363,325,251,True
by_target_object/Mitochondrial_membrane.csv,109,0,0,98,86,81,55,True
by_target_object/Quorum_Sensing.csv,262,0,0,157,153,140,76,True
by_target_object/Ribosome.csv,318,0,0,273,270,270,211,True
by_target_object/Sgp.csv,28,0,0,22,22,20,20,True
by_target_object/VIF.csv,3,0,0,3,3,3,3,True
by_target_object/Virus_Integrase.csv,171,0,0,168,165,165,161,True
by_target_object/Virus_Protease.csv,91,0,0,91,87,87,84,True
by_target_object/Virus_Reverse_Transcriptase.csv,45,0,0,45,45,45,44,True
by_target_object/Virus_entry.csv,914,0,0,825,798,798,708,True
by_target_object/Virus_replication.csv,322,0,0,312,311,306,292,True
by_target_object/gD.csv,4,0,0,4,4,4,4,True
by_target_object/gp120.csv,16,0,0,15,15,15,14,True
by_target_object/gp41.csv,110,0,0,106,106,106,87,True
by_target_object/gpE.csv,7,0,0,5,5,5,5,True
by_target_object/gpHA.csv,14,0,0,14,14,14,11,True
