ID,COMPLEXITY,NAME,N TERMINUS,SEQUENCE,C TERMINUS,SYNTHESIS TYPE,TARGET GROUP,TARGET OBJECT,tokenised_TARGET GROUP,tokenised_TARGET OBJECT,ORIGIN,Length_of_Sequence,Length_Class,KINGDOM,DOMAIN,antibacterial_gram_pos,antibacterial_gram_neg,antifungal,antiviral,anticancer,antibiofilm,antiparasitic,insecticidal,antiprotozoal,antimollicute,nematicidal,mammalian_cytotoxic,n_activities,activity_list
1759,Monomer,Longicalycinin A linear analogue 1,,GYPFV,,Synthetic,Cancer    Mammalian Cell,Lysosomal membrane,"['Cancer', 'Mammalian Cell']",['Lysosomal membrane'],Synthetic,5,Ultrashort (2–9 aa),Unclassified,,False,False,False,False,True,False,False,False,False,False,False,True,2,anticancer; mammalian_cytotoxic
9749,Monomer,Longicalycinin A linear analogue 2,,LYPFA,,Synthetic,Cancer    Mammalian Cell,Lysosomal membrane,"['Cancer', 'Mammalian Cell']",['Lysosomal membrane'],Synthetic,5,Ultrashort (2–9 aa),Unclassified,,False,False,False,False,True,False,False,False,False,False,False,True,2,anticancer; mammalian_cytotoxic
11241,Monomer,Longicalycinin A,,FYPFG,,Ribosomal,Gram+    Gram-    Cancer    Fungus    Mammalian Cell    Nematode,Lysosomal membrane,"['Gram+', 'Gram-', 'Cancer', 'Fungus', 'Mammalian Cell', 'Nematode']",['Lysosomal membrane'],Natural,5,Ultrashort (2–9 aa),Plantae,Eukarya,True,True,True,False,True,False,False,False,False,False,True,True,6,antibacterial_gram_pos; antibacterial_gram_neg; anticancer; antifungal; mammalian_cytotoxic; nematicidal
15019,Monomer,Longicalycinin A linear analogue 15,,PYGFV,,Synthetic,Cancer    Mammalian Cell,Lysosomal membrane,"['Cancer', 'Mammalian Cell']",['Lysosomal membrane'],Synthetic,5,Ultrashort (2–9 aa),Unclassified,,False,False,False,False,True,False,False,False,False,False,False,True,2,anticancer; mammalian_cytotoxic
18435,Monomer,Kahalalide F,5-Me-C6,vTVvpXxxxvFXV,,Nonribosomal,Cancer,Lysosomal membrane    Mitochondrial membrane,['Cancer'],"['Lysosomal membrane', 'Mitochondrial membrane']",Natural,13,Short (10–24 aa),Animalia,Eukarya,False,False,False,False,True,False,False,False,False,False,False,False,1,anticancer
19774,Monomer,Kahalalide A,2-Me-C4,ftlfLxS,,Nonribosomal,Gram+,Lysosomal membrane    Mitochondrial membrane,['Gram+'],"['Lysosomal membrane', 'Mitochondrial membrane']",Natural,7,Ultrashort (2–9 aa),Animalia,Eukarya,True,False,False,False,False,False,False,False,False,False,False,False,1,antibacterial_gram_pos
20094,Monomer,Longicalycinin A linear analogue 14,,PYFFL,,Synthetic,Cancer    Mammalian Cell,Lysosomal membrane,"['Cancer', 'Mammalian Cell']",['Lysosomal membrane'],Synthetic,5,Ultrashort (2–9 aa),Unclassified,,False,False,False,False,True,False,False,False,False,False,False,True,2,anticancer; mammalian_cytotoxic
20650,Monomer,Longicalycinin A linear analogue 3,,GYPFA,,Synthetic,Cancer    Mammalian Cell,Lysosomal membrane,"['Cancer', 'Mammalian Cell']",['Lysosomal membrane'],Synthetic,5,Ultrashort (2–9 aa),Unclassified,,False,False,False,False,True,False,False,False,False,False,False,True,2,anticancer; mammalian_cytotoxic
20652,Monomer,Longicalycinin A linear analogue 4,,AYPFG,,Synthetic,Cancer    Mammalian Cell,Lysosomal membrane,"['Cancer', 'Mammalian Cell']",['Lysosomal membrane'],Synthetic,5,Ultrashort (2–9 aa),Unclassified,,False,False,False,False,True,False,False,False,False,False,False,True,2,anticancer; mammalian_cytotoxic
20654,Monomer,Longicalycinin A linear analogue 5,,FSPFG,,Synthetic,Cancer    Mammalian Cell,Lysosomal membrane,"['Cancer', 'Mammalian Cell']",['Lysosomal membrane'],Synthetic,5,Ultrashort (2–9 aa),Unclassified,,False,False,False,False,True,False,False,False,False,False,False,True,2,anticancer; mammalian_cytotoxic
20656,Monomer,Longicalycinin A linear analogue 6,,VYPIA,,Synthetic,Cancer    Mammalian Cell,Lysosomal membrane,"['Cancer', 'Mammalian Cell']",['Lysosomal membrane'],Synthetic,5,Ultrashort (2–9 aa),Unclassified,,False,False,False,False,True,False,False,False,False,False,False,True,2,anticancer; mammalian_cytotoxic
20658,Monomer,Longicalycinin A linear analogue 7,,PYVFA,,Synthetic,Cancer    Mammalian Cell,Lysosomal membrane,"['Cancer', 'Mammalian Cell']",['Lysosomal membrane'],Synthetic,5,Ultrashort (2–9 aa),Unclassified,,False,False,False,False,True,False,False,False,False,False,False,True,2,anticancer; mammalian_cytotoxic
20660,Monomer,Longicalycinin A linear analogue 8,,FYPVG,,Synthetic,Cancer    Mammalian Cell,Lysosomal membrane,"['Cancer', 'Mammalian Cell']",['Lysosomal membrane'],Synthetic,5,Ultrashort (2–9 aa),Unclassified,,False,False,False,False,True,False,False,False,False,False,False,True,2,anticancer; mammalian_cytotoxic
20662,Monomer,Longicalycinin A linear analogue 9,,FYPFV,,Synthetic,Cancer    Mammalian Cell,Lysosomal membrane,"['Cancer', 'Mammalian Cell']",['Lysosomal membrane'],Synthetic,5,Ultrashort (2–9 aa),Unclassified,,False,False,False,False,True,False,False,False,False,False,False,True,2,anticancer; mammalian_cytotoxic
20664,Monomer,Longicalycinin A linear analogue 10,,FYPFA,,Synthetic,Cancer    Mammalian Cell,Lysosomal membrane,"['Cancer', 'Mammalian Cell']",['Lysosomal membrane'],Synthetic,5,Ultrashort (2–9 aa),Unclassified,,False,False,False,False,True,False,False,False,False,False,False,True,2,anticancer; mammalian_cytotoxic
20666,Monomer,Longicalycinin A linear analogue 11,,TVPFA,,Synthetic,Cancer    Mammalian Cell,Lysosomal membrane,"['Cancer', 'Mammalian Cell']",['Lysosomal membrane'],Synthetic,5,Ultrashort (2–9 aa),Unclassified,,False,False,False,False,True,False,False,False,False,False,False,True,2,anticancer; mammalian_cytotoxic
20668,Monomer,Longicalycinin A linear analogue 12,,FYPFI,,Synthetic,Cancer    Mammalian Cell,Lysosomal membrane,"['Cancer', 'Mammalian Cell']",['Lysosomal membrane'],Synthetic,5,Ultrashort (2–9 aa),Unclassified,,False,False,False,False,True,False,False,False,False,False,False,True,2,anticancer; mammalian_cytotoxic
20670,Monomer,Longicalycinin A linear analogue 13,,VTPFL,,Synthetic,Cancer    Mammalian Cell,Lysosomal membrane,"['Cancer', 'Mammalian Cell']",['Lysosomal membrane'],Synthetic,5,Ultrashort (2–9 aa),Unclassified,,False,False,False,False,True,False,False,False,False,False,False,True,2,anticancer; mammalian_cytotoxic
20680,Monomer,Longicalycinin A linear analogue 16,,FTPFV,,Synthetic,Cancer    Mammalian Cell,Lysosomal membrane,"['Cancer', 'Mammalian Cell']",['Lysosomal membrane'],Synthetic,5,Ultrashort (2–9 aa),Unclassified,,False,False,False,False,True,False,False,False,False,False,False,True,2,anticancer; mammalian_cytotoxic
20682,Monomer,Longicalycinin A linear analogue 17,,FSPFA,,Synthetic,Cancer    Mammalian Cell,Lysosomal membrane,"['Cancer', 'Mammalian Cell']",['Lysosomal membrane'],Synthetic,5,Ultrashort (2–9 aa),Unclassified,,False,False,False,False,True,False,False,False,False,False,False,True,2,anticancer; mammalian_cytotoxic
20685,Monomer,Longicalycinin A cyclic analogue 18,,FSPAG,,Synthetic,Cancer    Mammalian Cell,Lysosomal membrane,"['Cancer', 'Mammalian Cell']",['Lysosomal membrane'],Synthetic,5,Ultrashort (2–9 aa),Unclassified,,False,False,False,False,True,False,False,False,False,False,False,True,2,anticancer; mammalian_cytotoxic
