tokenised_TARGET GROUP,Natural_%,Synthetic_%,Natural_n,Synthetic_n,p_value
Gram-,80.1,79.1,2240,7196.0,0.2951878608613626
Gram+,83.8,78.0,2344,7096.0,5.475836426354359e-11
Mammalian Cell,48.5,55.7,1357,5060.0,4.0864282280552843e-11
Fungus,51.9,23.4,1453,2124.0,1.904914965894874e-182
Cancer,23.0,17.5,643,1587.0,6.630916725702009e-11
Virus,5.0,6.8,141,617.0,0.0011175050130641682
Biofilm,2.3,3.6,64,326.0,0.0009396529249276255
Parasite,5.0,1.2,140,109.0,2.4710225968223305e-34
Insect,1.4,0.3,38,28.0,1.612830966761603e-10
Nematode,1.0,0.1,28,8.0,6.93398403716173e-14
Mollicute,0.7,0.1,19,8.0,3.427785137320758e-08
Protista,1.2,0.0,33,3.0,3.1763556387580846e-21
Archaea,0.1,0.0,2,0.0,0.08609553704939192
