ID,COMPLEXITY,NAME,N TERMINUS,SEQUENCE,C TERMINUS,SYNTHESIS TYPE,TARGET GROUP,TARGET OBJECT,tokenised_TARGET GROUP,tokenised_TARGET OBJECT,ORIGIN,Length_of_Sequence,Length_Class,KINGDOM,DOMAIN
956,Monomer,,,F,AMD,Synthetic,Gram+,,['Gram+'],[],Synthetic,1,Out of range (<2 aa),Unclassified,
7296,Monomer,LP1,C8,X,AMD,Synthetic,Gram+    Gram-    Fungus    Mammalian Cell,Lipid Bilayer,"['Gram+', 'Gram-', 'Fungus', 'Mammalian Cell']",['Lipid Bilayer'],Synthetic,1,Out of range (<2 aa),Unclassified,
7297,Monomer,LP2,C10,X,AMD,Synthetic,Gram+    Gram-    Fungus,Lipid Bilayer,"['Gram+', 'Gram-', 'Fungus']",['Lipid Bilayer'],Synthetic,1,Out of range (<2 aa),Unclassified,
7298,Monomer,LP3,C12,X,AMD,Synthetic,Gram+    Gram-    Fungus,Lipid Bilayer,"['Gram+', 'Gram-', 'Fungus']",['Lipid Bilayer'],Synthetic,1,Out of range (<2 aa),Unclassified,
7301,Monomer,LP4,C14,X,AMD,Synthetic,Gram+    Gram-,Lipid Bilayer,"['Gram+', 'Gram-']",['Lipid Bilayer'],Synthetic,1,Out of range (<2 aa),Unclassified,
7302,Monomer,LP5,C16,X,AMD,Synthetic,Gram+    Gram-    Fungus,Lipid Bilayer,"['Gram+', 'Gram-', 'Fungus']",['Lipid Bilayer'],Synthetic,1,Out of range (<2 aa),Unclassified,
7303,Monomer,LP6,C18,X,AMD,Synthetic,Gram+    Gram-    Fungus,Lipid Bilayer,"['Gram+', 'Gram-', 'Fungus']",['Lipid Bilayer'],Synthetic,1,Out of range (<2 aa),Unclassified,
7775,Monomer,Neocryptolepine 2(Gly),,G,2-NH2-DMIQ,Synthetic,Gram+    Gram-    Cancer    Fungus    Mammalian Cell,Lipid Bilayer,"['Gram+', 'Gram-', 'Cancer', 'Fungus', 'Mammalian Cell']",['Lipid Bilayer'],Synthetic,1,Out of range (<2 aa),Unclassified,
7776,Monomer,Neocryptolepine 2(Pro),,P,2-NH2-DMIQ,Synthetic,Gram+    Gram-    Cancer    Fungus,Lipid Bilayer,"['Gram+', 'Gram-', 'Cancer', 'Fungus']",['Lipid Bilayer'],Synthetic,1,Out of range (<2 aa),Unclassified,
7779,Monomer,Neocryptolepine 2(His),,H,2-NH2-DMIQ,Synthetic,Gram+    Gram-    Cancer    Fungus    Mammalian Cell,Lipid Bilayer,"['Gram+', 'Gram-', 'Cancer', 'Fungus', 'Mammalian Cell']",['Lipid Bilayer'],Synthetic,1,Out of range (<2 aa),Unclassified,
7783,Monomer,Neocryptolepine 9(Gly),,G,9-NH2-DMIQ,Synthetic,Gram+    Gram-    Cancer    Fungus    Mammalian Cell,Lipid Bilayer,"['Gram+', 'Gram-', 'Cancer', 'Fungus', 'Mammalian Cell']",['Lipid Bilayer'],Synthetic,1,Out of range (<2 aa),Unclassified,
7785,Monomer,Neocryptolepine 9(Pro),,P,9-NH2-DMIQ,Synthetic,Gram+    Gram-    Cancer    Fungus    Mammalian Cell,Lipid Bilayer,"['Gram+', 'Gram-', 'Cancer', 'Fungus', 'Mammalian Cell']",['Lipid Bilayer'],Synthetic,1,Out of range (<2 aa),Unclassified,
7787,Monomer,Neocryptolepine 9(His),,H,9-NH2-DMIQ,Synthetic,Gram+    Gram-    Cancer    Fungus,Lipid Bilayer,"['Gram+', 'Gram-', 'Cancer', 'Fungus']",['Lipid Bilayer'],Synthetic,1,Out of range (<2 aa),Unclassified,
7794,Monomer,Neocryptolepine 9(p),,p,9-NH2-DMIQ,Synthetic,Cancer    Mammalian Cell,Lipid Bilayer,"['Cancer', 'Mammalian Cell']",['Lipid Bilayer'],Synthetic,1,Out of range (<2 aa),Unclassified,
7799,Monomer,Neocryptolepine 9(h),,h,9-NH2-DMIQ,Synthetic,Cancer,Lipid Bilayer,['Cancer'],['Lipid Bilayer'],Synthetic,1,Out of range (<2 aa),Unclassified,
10360,Monomer,,C16,K,AMD,Synthetic,Gram+    Gram-    Fungus    Mammalian Cell,Lipid Bilayer,"['Gram+', 'Gram-', 'Fungus', 'Mammalian Cell']",['Lipid Bilayer'],Synthetic,1,Out of range (<2 aa),Unclassified,
10363,Monomer,,C14,K,AMD,Synthetic,Gram+    Gram-    Fungus    Mammalian Cell,Lipid Bilayer,"['Gram+', 'Gram-', 'Fungus', 'Mammalian Cell']",['Lipid Bilayer'],Synthetic,1,Out of range (<2 aa),Unclassified,
10367,Monomer,,C12,K,AMD,Synthetic,Gram+    Gram-    Fungus    Mammalian Cell,Lipid Bilayer,"['Gram+', 'Gram-', 'Fungus', 'Mammalian Cell']",['Lipid Bilayer'],Synthetic,1,Out of range (<2 aa),Unclassified,
10373,Monomer,,C10,K,AMD,Synthetic,Gram+    Gram-    Fungus    Mammalian Cell,Lipid Bilayer,"['Gram+', 'Gram-', 'Fungus', 'Mammalian Cell']",['Lipid Bilayer'],Synthetic,1,Out of range (<2 aa),Unclassified,
10379,Monomer,,C8,K,AMD,Synthetic,Gram+    Gram-    Fungus    Mammalian Cell,,"['Gram+', 'Gram-', 'Fungus', 'Mammalian Cell']",[],Synthetic,1,Out of range (<2 aa),Unclassified,
11015,Monomer,,,K,,Synthetic,,,[],[],Synthetic,1,Out of range (<2 aa),Unclassified,
11965,Monomer,,TFA,K,C12H25-NH2,Synthetic,Gram+    Gram-    Mammalian Cell,Lipid Bilayer,"['Gram+', 'Gram-', 'Mammalian Cell']",['Lipid Bilayer'],Synthetic,1,Out of range (<2 aa),Unclassified,
11966,Monomer,,TFA,K,C14H29-NH2,Synthetic,Gram+    Gram-    Mammalian Cell,Lipid Bilayer,"['Gram+', 'Gram-', 'Mammalian Cell']",['Lipid Bilayer'],Synthetic,1,Out of range (<2 aa),Unclassified,
11967,Monomer,,TFA,K,C16H33-NH2,Synthetic,Gram+    Gram-    Mammalian Cell,Lipid Bilayer,"['Gram+', 'Gram-', 'Mammalian Cell']",['Lipid Bilayer'],Synthetic,1,Out of range (<2 aa),Unclassified,
11968,Monomer,,TFA,K,C18H37-NH2,Synthetic,Gram+    Gram-    Mammalian Cell,Lipid Bilayer,"['Gram+', 'Gram-', 'Mammalian Cell']",['Lipid Bilayer'],Synthetic,1,Out of range (<2 aa),Unclassified,
11969,Monomer,,TFA,K,C20H41-NH2,Synthetic,Gram+    Gram-    Mammalian Cell,Lipid Bilayer,"['Gram+', 'Gram-', 'Mammalian Cell']",['Lipid Bilayer'],Synthetic,1,Out of range (<2 aa),Unclassified,
11970,Monomer,,TFA,K,C6H13-N-C6H13,Synthetic,Gram+    Gram-    Mammalian Cell,Lipid Bilayer,"['Gram+', 'Gram-', 'Mammalian Cell']",['Lipid Bilayer'],Synthetic,1,Out of range (<2 aa),Unclassified,
11979,Monomer,,TFA,K,C6H13-N-C8H17,Synthetic,Gram+    Gram-    Mammalian Cell,Lipid Bilayer,"['Gram+', 'Gram-', 'Mammalian Cell']",['Lipid Bilayer'],Synthetic,1,Out of range (<2 aa),Unclassified,
11980,Monomer,,TFA,K,C8H17-N-C8H17,Synthetic,Gram+    Gram-    Mammalian Cell,Lipid Bilayer,"['Gram+', 'Gram-', 'Mammalian Cell']",['Lipid Bilayer'],Synthetic,1,Out of range (<2 aa),Unclassified,
11981,Monomer,,TFA,K,C8H17-N-C10H21,Synthetic,Gram+    Gram-    Mammalian Cell,Lipid Bilayer,"['Gram+', 'Gram-', 'Mammalian Cell']",['Lipid Bilayer'],Synthetic,1,Out of range (<2 aa),Unclassified,
11982,Monomer,,TFA,K,C10H21-N-C10H21,Synthetic,Gram+    Gram-    Mammalian Cell,Lipid Bilayer,"['Gram+', 'Gram-', 'Mammalian Cell']",['Lipid Bilayer'],Synthetic,1,Out of range (<2 aa),Unclassified,
14665,Monomer,,,L,AMD,Synthetic,,,[],[],Synthetic,1,Out of range (<2 aa),Unclassified,
19567,Monomer,METH-Phe,D-OVal,X,,Synthetic,,,[],[],Synthetic,1,Out of range (<2 aa),Unclassified,
19708,Monomer,Enniatin chain 1,D-OVal,X,,Synthetic,,,[],[],Synthetic,1,Out of range (<2 aa),Unclassified,
19714,Monomer,Enniatin chain 2,D-OaIle,X,,Synthetic,,,[],[],Synthetic,1,Out of range (<2 aa),Unclassified,
19567,Monomer,METH-Phe,D-OVal,X,,Synthetic,,,[],[],Synthetic,1,Out of range (<2 aa),Unclassified,
19708,Monomer,Enniatin chain 1,D-OVal,X,,Synthetic,,,[],[],Synthetic,1,Out of range (<2 aa),Unclassified,
19714,Monomer,Enniatin chain 2,D-OaIle,X,,Synthetic,,,[],[],Synthetic,1,Out of range (<2 aa),Unclassified,
20479,Monomer,Homoserine,,X,,Synthetic,,,[],[],Synthetic,1,Out of range (<2 aa),Unclassified,
20525,Monomer,Peptidomimetic 5a,Pac,X,PMA,Synthetic,Gram+    Gram-    Mammalian Cell,Membrane Protein    DNA / RNA,"['Gram+', 'Gram-', 'Mammalian Cell']","['Membrane Protein', 'DNA / RNA']",Synthetic,1,Out of range (<2 aa),Unclassified,
20794,Monomer,Beta-LYS,,X,,Synthetic,,,[],[],Synthetic,1,Out of range (<2 aa),Unclassified,
20978,Monomer,Meropenem,,X,(CH3)2N,Synthetic,Gram+    Gram-    Fungus,Membrane Protein,"['Gram+', 'Gram-', 'Fungus']",['Membrane Protein'],Synthetic,1,Out of range (<2 aa),Unclassified,
21229,Monomer,Amp1L (1),,L,,Synthetic,,,[],[],Synthetic,1,Out of range (<2 aa),Unclassified,
21427,Monomer,Beauvericin A chain 1,D-OIle,X,,Synthetic,,,[],[],Synthetic,1,Out of range (<2 aa),Unclassified,
21428,Monomer,Beauvericin A chain 2,D-OVal,X,,Synthetic,,,[],[],Synthetic,1,Out of range (<2 aa),Unclassified,
21429,Monomer,Beauvericin A chain 3,OVal,X,,Synthetic,,,[],[],Synthetic,1,Out of range (<2 aa),Unclassified,
21431,Monomer,Enniatin chain 3,D-OVal,X,,Synthetic,,,[],[],Synthetic,1,Out of range (<2 aa),Unclassified,
21679,Monomer,Homoserine lactone,C7,X,,Nonribosomal,Gram+,Quorum Sensing,['Gram+'],['Quorum Sensing'],Natural,1,Out of range (<2 aa),Bacteria,Bacteria
21680,Monomer,Homoserine lactone,3-O-C8,X,,Nonribosomal,Gram+    Mammalian Cell,Quorum Sensing,"['Gram+', 'Mammalian Cell']",['Quorum Sensing'],Natural,1,Out of range (<2 aa),"Archaea, Bacteria",
21681,Monomer,Homoserine lactone,3-O-C12,X,,Nonribosomal,Gram+    Gram-    Cancer    Mammalian Cell,Quorum Sensing    Mitochondrial membrane    Immunomodulation,"['Gram+', 'Gram-', 'Cancer', 'Mammalian Cell']","['Quorum Sensing', 'Mitochondrial membrane', 'Immunomodulation']",Natural,1,Out of range (<2 aa),Bacteria,Bacteria
21682,Monomer,Homoserine lactone,3-O-C14,X,,Nonribosomal,Gram+    Cancer    Mammalian Cell,Quorum Sensing    Mitochondrial membrane    Immunomodulation,"['Gram+', 'Cancer', 'Mammalian Cell']","['Quorum Sensing', 'Mitochondrial membrane', 'Immunomodulation']",Natural,1,Out of range (<2 aa),Bacteria,Bacteria
21683,Monomer,Homoserine lactone,3-O-C10,X,,Nonribosomal,Cancer    Mammalian Cell,Quorum Sensing,"['Cancer', 'Mammalian Cell']",['Quorum Sensing'],Natural,1,Out of range (<2 aa),"Archaea, Bacteria",
22334,Monomer,Asp,,D,,Synthetic,,,[],[],Synthetic,1,Out of range (<2 aa),Unclassified,
22367,Monomer,,pNBA,G,,Synthetic,,,[],[],Synthetic,1,Out of range (<2 aa),Unclassified,
22368,Monomer,Dimethyl-Val,(CH3)2,V,,Synthetic,,,[],[],Synthetic,1,Out of range (<2 aa),Unclassified,
22444,Monomer,,,R,,Synthetic,,,[],[],Synthetic,1,Out of range (<2 aa),Unclassified,
22521,Monomer,,,W,,Synthetic,,,[],[],Synthetic,1,Out of range (<2 aa),Unclassified,
22651,Monomer,,ACT,K,,Synthetic,,,[],[],Synthetic,1,Out of range (<2 aa),Unclassified,
23437,Monomer,"AA(P), Alafosfalin",,A,ALA(P),Synthetic,Gram+    Gram-,Membrane Protein,"['Gram+', 'Gram-']",['Membrane Protein'],Synthetic,1,Out of range (<2 aa),Unclassified,
23438,Monomer,RA(P),,R,ALA(P),Synthetic,Gram+    Gram-,Membrane Protein,"['Gram+', 'Gram-']",['Membrane Protein'],Synthetic,1,Out of range (<2 aa),Unclassified,
23439,Monomer,CA(P),,C,ALA(P),Synthetic,Gram+    Gram-,Membrane Protein,"['Gram+', 'Gram-']",['Membrane Protein'],Synthetic,1,Out of range (<2 aa),Unclassified,
23440,Monomer,MA(P),,M,ALA(P),Synthetic,Gram+    Gram-,Membrane Protein,"['Gram+', 'Gram-']",['Membrane Protein'],Synthetic,1,Out of range (<2 aa),Unclassified,
23441,Monomer,FA(P),,F,ALA(P),Synthetic,Gram+    Gram-,Membrane Protein,"['Gram+', 'Gram-']",['Membrane Protein'],Synthetic,1,Out of range (<2 aa),Unclassified,
23442,Monomer,NvaA(P),,X,ALA(P),Synthetic,Gram+    Gram-,Membrane Protein,"['Gram+', 'Gram-']",['Membrane Protein'],Synthetic,1,Out of range (<2 aa),Unclassified,
23443,Monomer,A(F)A(P),,X,ALA(P),Synthetic,Gram+    Gram-,Lipid Bilayer,"['Gram+', 'Gram-']",['Lipid Bilayer'],Synthetic,1,Out of range (<2 aa),Unclassified,
23444,Monomer,R(NO2)A(P),,X,ALA(P),Synthetic,Gram+    Gram-,Membrane Protein,"['Gram+', 'Gram-']",['Membrane Protein'],Synthetic,1,Out of range (<2 aa),Unclassified,
23445,Monomer,hR(A(P),,X,ALA(P),Synthetic,Gram+    Gram-,Membrane Protein,"['Gram+', 'Gram-']",['Membrane Protein'],Synthetic,1,Out of range (<2 aa),Unclassified,
23446,Monomer,C(S-Me)A(P),,X,ALA(P),Synthetic,Gram+    Gram-,Membrane Protein,"['Gram+', 'Gram-']",['Membrane Protein'],Synthetic,1,Out of range (<2 aa),Unclassified,
23447,Monomer,M(O)A(P),,X,ALA(P),Synthetic,Gram+    Gram-,Membrane Protein,"['Gram+', 'Gram-']",['Membrane Protein'],Synthetic,1,Out of range (<2 aa),Unclassified,
23448,Monomer,M(O2)A(P),,X,ALA(P),Synthetic,Gram+    Gram-,Membrane Protein,"['Gram+', 'Gram-']",['Membrane Protein'],Synthetic,1,Out of range (<2 aa),Unclassified,
23593,Monomer,,TPA,K,C6H13-NH2,Synthetic,,,[],[],Synthetic,1,Out of range (<2 aa),Unclassified,
23594,Monomer,,,K,C6H13-NH2,Synthetic,,,[],[],Synthetic,1,Out of range (<2 aa),Unclassified,
23596,Monomer,,TPA,K,C7H15-NH2,Synthetic,,,[],[],Synthetic,1,Out of range (<2 aa),Unclassified,
23597,Monomer,,,K,C7H15-NH2,Synthetic,,,[],[],Synthetic,1,Out of range (<2 aa),Unclassified,
23599,Monomer,,TPA,K,C8H17-NH2,Synthetic,,,[],[],Synthetic,1,Out of range (<2 aa),Unclassified,
23600,Monomer,,,K,C8H17-NH2,Synthetic,,,[],[],Synthetic,1,Out of range (<2 aa),Unclassified,
23602,Monomer,,TPA,K,C9H19-NH2,Synthetic,,,[],[],Synthetic,1,Out of range (<2 aa),Unclassified,
23603,Monomer,,,K,C9H19-NH2,Synthetic,,,[],[],Synthetic,1,Out of range (<2 aa),Unclassified,
23605,Monomer,,TPA,K,C10H21-NH2,Synthetic,,,[],[],Synthetic,1,Out of range (<2 aa),Unclassified,
23606,Monomer,,,K,C10H21-NH2,Synthetic,,,[],[],Synthetic,1,Out of range (<2 aa),Unclassified,
23608,Monomer,,TPA,K,C12H25-NH2,Synthetic,,,[],[],Synthetic,1,Out of range (<2 aa),Unclassified,
23609,Monomer,,,K,C12H25-NH2,Synthetic,,,[],[],Synthetic,1,Out of range (<2 aa),Unclassified,
23611,Monomer,,TPA,K,C13H27-NH2,Synthetic,,,[],[],Synthetic,1,Out of range (<2 aa),Unclassified,
23612,Monomer,,,K,C13H27-NH2,Synthetic,,,[],[],Synthetic,1,Out of range (<2 aa),Unclassified,
23614,Monomer,,TPA,K,C14H29-NH2,Synthetic,,,[],[],Synthetic,1,Out of range (<2 aa),Unclassified,
23615,Monomer,,,K,C14H29-NH2,Synthetic,,,[],[],Synthetic,1,Out of range (<2 aa),Unclassified,
23617,Monomer,,TPA,K,BIP-Me-NH2,Synthetic,,,[],[],Synthetic,1,Out of range (<2 aa),Unclassified,
23618,Monomer,,,K,BIP-Me-NH2,Synthetic,,,[],[],Synthetic,1,Out of range (<2 aa),Unclassified,
23911,Monomer,,C4,X,C3H7-NH2,Synthetic,,,[],[],Synthetic,1,Out of range (<2 aa),Unclassified,
23914,Monomer,,C8,X,C3H7-NH2,Synthetic,,,[],[],Synthetic,1,Out of range (<2 aa),Unclassified,
23916,Monomer,,C12,X,C3H7-NH2,Synthetic,,,[],[],Synthetic,1,Out of range (<2 aa),Unclassified,
23918,Monomer,,C4,K,C3H7-NH2,Synthetic,,,[],[],Synthetic,1,Out of range (<2 aa),Unclassified,
23921,Monomer,,C8,K,C3H7-NH2,Synthetic,,,[],[],Synthetic,1,Out of range (<2 aa),Unclassified,
23923,Monomer,,C12,K,C3H7-NH2,Synthetic,,,[],[],Synthetic,1,Out of range (<2 aa),Unclassified,
23925,Monomer,,C4,R,C3H7-NH2,Synthetic,,,[],[],Synthetic,1,Out of range (<2 aa),Unclassified,
23928,Monomer,,C12,R,C3H7-NH2,Synthetic,,,[],[],Synthetic,1,Out of range (<2 aa),Unclassified,
23930,Monomer,,C8,R,C3H7-NH2,Synthetic,,,[],[],Synthetic,1,Out of range (<2 aa),Unclassified,
24407,Monomer,"β3,3-Pip(LA)-PEA",,X,PEA,Synthetic,Gram+    Gram-,Lipid Bilayer,"['Gram+', 'Gram-']",['Lipid Bilayer'],Synthetic,1,Out of range (<2 aa),Unclassified,
24408,Monomer,"β3,3-Pip(NC12)-PEA",,X,PEA,Synthetic,Gram+    Gram-    Cancer    Mammalian Cell    Biofilm,Lipid Bilayer,"['Gram+', 'Gram-', 'Cancer', 'Mammalian Cell', 'Biofilm']",['Lipid Bilayer'],Synthetic,1,Out of range (<2 aa),Unclassified,
24538,Monomer,Peptidomimetic 5a,C4,X,EN,Synthetic,Gram+    Gram-    Mammalian Cell,,"['Gram+', 'Gram-', 'Mammalian Cell']",[],Synthetic,1,Out of range (<2 aa),Unclassified,
24539,Monomer,Peptidomimetic 5b,C6,X,EN,Synthetic,Gram+    Gram-    Mammalian Cell,Lipid Bilayer,"['Gram+', 'Gram-', 'Mammalian Cell']",['Lipid Bilayer'],Synthetic,1,Out of range (<2 aa),Unclassified,
24540,Monomer,Peptidomimetic 5c,C8,X,EN,Synthetic,Gram+    Gram-    Mammalian Cell,Lipid Bilayer,"['Gram+', 'Gram-', 'Mammalian Cell']",['Lipid Bilayer'],Synthetic,1,Out of range (<2 aa),Unclassified,
24541,Monomer,Peptidomimetic 5d,C10,X,EN,Synthetic,Gram+    Gram-    Mammalian Cell,Lipid Bilayer,"['Gram+', 'Gram-', 'Mammalian Cell']",['Lipid Bilayer'],Synthetic,1,Out of range (<2 aa),Unclassified,
24542,Monomer,Peptidomimetic 5e,C12,X,EN,Synthetic,Gram+    Gram-    Mammalian Cell,Lipid Bilayer,"['Gram+', 'Gram-', 'Mammalian Cell']",['Lipid Bilayer'],Synthetic,1,Out of range (<2 aa),Unclassified,
24543,Monomer,Peptidomimetic 5f,C14,X,EN,Synthetic,Gram+    Gram-    Mammalian Cell,Lipid Bilayer,"['Gram+', 'Gram-', 'Mammalian Cell']",['Lipid Bilayer'],Synthetic,1,Out of range (<2 aa),Unclassified,
24544,Monomer,Peptidomimetic 5g,C16,X,EN,Synthetic,Gram+    Gram-    Mammalian Cell,,"['Gram+', 'Gram-', 'Mammalian Cell']",[],Synthetic,1,Out of range (<2 aa),Unclassified,
24545,Monomer,Peptidomimetic 5h,C18,X,EN,Synthetic,Gram+    Gram-    Mammalian Cell,,"['Gram+', 'Gram-', 'Mammalian Cell']",[],Synthetic,1,Out of range (<2 aa),Unclassified,
24548,Monomer,Peptidomimetic 10a,C12,X,EN,Synthetic,Gram+    Gram-    Mammalian Cell,Lipid Bilayer,"['Gram+', 'Gram-', 'Mammalian Cell']",['Lipid Bilayer'],Synthetic,1,Out of range (<2 aa),Unclassified,
24549,Monomer,Peptidomimetic 10b,C12,x,EN,Synthetic,Gram+    Gram-    Mammalian Cell,Lipid Bilayer,"['Gram+', 'Gram-', 'Mammalian Cell']",['Lipid Bilayer'],Synthetic,1,Out of range (<2 aa),Unclassified,
24550,Monomer,Peptidomimetic 10c,C12,X,EN,Synthetic,Gram+    Gram-    Mammalian Cell,Lipid Bilayer,"['Gram+', 'Gram-', 'Mammalian Cell']",['Lipid Bilayer'],Synthetic,1,Out of range (<2 aa),Unclassified,
24551,Monomer,Peptidomimetic 10d,C12,X,EN,Synthetic,Gram+    Gram-    Mammalian Cell,Lipid Bilayer,"['Gram+', 'Gram-', 'Mammalian Cell']",['Lipid Bilayer'],Synthetic,1,Out of range (<2 aa),Unclassified,
24552,Monomer,Peptidomimetic 10e,C12,X,EN,Synthetic,Gram+    Gram-    Mammalian Cell,Lipid Bilayer,"['Gram+', 'Gram-', 'Mammalian Cell']",['Lipid Bilayer'],Synthetic,1,Out of range (<2 aa),Unclassified,
24553,Monomer,Peptidomimetic 10f,C12,X,EN,Synthetic,Gram+    Gram-    Mammalian Cell,,"['Gram+', 'Gram-', 'Mammalian Cell']",[],Synthetic,1,Out of range (<2 aa),Unclassified,
24570,Monomer,C(S-Pr)A(P),,X,ALA(P),Synthetic,Gram+    Gram-,Membrane Protein,"['Gram+', 'Gram-']",['Membrane Protein'],Synthetic,1,Out of range (<2 aa),Unclassified,
24571,Monomer,Peptidomimetic A1,,F,RIM,Synthetic,Gram+    Gram-    Fungus,Lipid Bilayer,"['Gram+', 'Gram-', 'Fungus']",['Lipid Bilayer'],Synthetic,1,Out of range (<2 aa),Unclassified,
24572,Monomer,Peptidomimetic A2,,W,RIM,Synthetic,Gram+    Gram-    Fungus,Lipid Bilayer,"['Gram+', 'Gram-', 'Fungus']",['Lipid Bilayer'],Synthetic,1,Out of range (<2 aa),Unclassified,
24573,Monomer,Peptidomimetic A3,,I,RIM,Synthetic,Gram+    Gram-    Fungus,,"['Gram+', 'Gram-', 'Fungus']",[],Synthetic,1,Out of range (<2 aa),Unclassified,
24574,Monomer,Peptidomimetic A4,,C,RIM,Synthetic,Gram+    Gram-    Fungus,Lipid Bilayer,"['Gram+', 'Gram-', 'Fungus']",['Lipid Bilayer'],Synthetic,1,Out of range (<2 aa),Unclassified,
24575,Monomer,Peptidomimetic A5,,K,RIM,Synthetic,Gram+    Gram-    Fungus,,"['Gram+', 'Gram-', 'Fungus']",[],Synthetic,1,Out of range (<2 aa),Unclassified,
24576,Monomer,Peptidomimetic A6,,M,RIM,Synthetic,Gram+    Gram-    Fungus,,"['Gram+', 'Gram-', 'Fungus']",[],Synthetic,1,Out of range (<2 aa),Unclassified,
24577,Monomer,Peptidomimetic A7,,X,RIM,Synthetic,Gram+    Gram-    Fungus    Mammalian Cell,Lipid Bilayer,"['Gram+', 'Gram-', 'Fungus', 'Mammalian Cell']",['Lipid Bilayer'],Synthetic,1,Out of range (<2 aa),Unclassified,
24578,Monomer,Peptidomimetic A8,,X,RIM,Synthetic,Gram+    Gram-    Fungus,Lipid Bilayer,"['Gram+', 'Gram-', 'Fungus']",['Lipid Bilayer'],Synthetic,1,Out of range (<2 aa),Unclassified,
24579,Monomer,Peptidomimetic A9,,X,RIM,Synthetic,Gram+    Gram-    Fungus,Lipid Bilayer,"['Gram+', 'Gram-', 'Fungus']",['Lipid Bilayer'],Synthetic,1,Out of range (<2 aa),Unclassified,
24580,Monomer,Peptidomimetic A10,AdAcA,F,EN,Synthetic,Gram+    Gram-    Fungus,,"['Gram+', 'Gram-', 'Fungus']",[],Synthetic,1,Out of range (<2 aa),Unclassified,
24581,Monomer,Peptidomimetic A11,AdAcA,W,EN,Synthetic,Gram+    Gram-    Fungus,Lipid Bilayer,"['Gram+', 'Gram-', 'Fungus']",['Lipid Bilayer'],Synthetic,1,Out of range (<2 aa),Unclassified,
24582,Monomer,Peptidomimetic A12,AdAcA,I,EN,Synthetic,Gram+    Gram-    Fungus,Lipid Bilayer,"['Gram+', 'Gram-', 'Fungus']",['Lipid Bilayer'],Synthetic,1,Out of range (<2 aa),Unclassified,
24583,Monomer,Peptidomimetic A13,AdAcA,C,EN,Synthetic,Gram+    Gram-    Cancer    Fungus    Mammalian Cell,Lipid Bilayer,"['Gram+', 'Gram-', 'Cancer', 'Fungus', 'Mammalian Cell']",['Lipid Bilayer'],Synthetic,1,Out of range (<2 aa),Unclassified,
24584,Monomer,Peptidomimetic A14,AdAcA,K,EN,Synthetic,Gram+    Gram-    Fungus,,"['Gram+', 'Gram-', 'Fungus']",[],Synthetic,1,Out of range (<2 aa),Unclassified,
24585,Monomer,Peptidomimetic A15,AdAcA,M,EN,Synthetic,Gram+    Gram-    Fungus,Lipid Bilayer,"['Gram+', 'Gram-', 'Fungus']",['Lipid Bilayer'],Synthetic,1,Out of range (<2 aa),Unclassified,
24586,Monomer,Peptidomimetic A16,AdAcA,X,EN,Synthetic,Gram+    Gram-    Fungus    Mammalian Cell,Lipid Bilayer,"['Gram+', 'Gram-', 'Fungus', 'Mammalian Cell']",['Lipid Bilayer'],Synthetic,1,Out of range (<2 aa),Unclassified,
24587,Monomer,Peptidomimetic A17,AdAcA,X,EN,Synthetic,Gram+    Gram-    Fungus,Lipid Bilayer,"['Gram+', 'Gram-', 'Fungus']",['Lipid Bilayer'],Synthetic,1,Out of range (<2 aa),Unclassified,
24588,Monomer,Peptidomimetic A18,AdAcA,X,EN,Synthetic,Gram+    Gram-    Fungus,Lipid Bilayer,"['Gram+', 'Gram-', 'Fungus']",['Lipid Bilayer'],Synthetic,1,Out of range (<2 aa),Unclassified,
24589,Monomer,Peptidomimetic A19,AdAcA,X,PUT,Synthetic,Gram+    Gram-    Fungus    Mammalian Cell,Lipid Bilayer,"['Gram+', 'Gram-', 'Fungus', 'Mammalian Cell']",['Lipid Bilayer'],Synthetic,1,Out of range (<2 aa),Unclassified,
24590,Monomer,Peptidomimetic A20,AdAcA,X,TMEN,Synthetic,Gram+    Gram-    Fungus    Mammalian Cell,Lipid Bilayer,"['Gram+', 'Gram-', 'Fungus', 'Mammalian Cell']",['Lipid Bilayer'],Synthetic,1,Out of range (<2 aa),Unclassified,
24899,Monomer,Peptidomimetic 5b,Pac,X,4-Ome-PMA,Synthetic,Gram+    Gram-    Mammalian Cell,Membrane Protein    DNA / RNA,"['Gram+', 'Gram-', 'Mammalian Cell']","['Membrane Protein', 'DNA / RNA']",Synthetic,1,Out of range (<2 aa),Unclassified,
24900,Monomer,Peptidomimetic 5c,Pac,X,4-F-PMA,Synthetic,Gram+    Gram-    Mammalian Cell,Membrane Protein    DNA / RNA,"['Gram+', 'Gram-', 'Mammalian Cell']","['Membrane Protein', 'DNA / RNA']",Synthetic,1,Out of range (<2 aa),Unclassified,
24901,Monomer,Peptidomimetic 5d,Pac,X,PMA,Synthetic,Gram+    Gram-    Mammalian Cell,Membrane Protein    DNA / RNA,"['Gram+', 'Gram-', 'Mammalian Cell']","['Membrane Protein', 'DNA / RNA']",Synthetic,1,Out of range (<2 aa),Unclassified,
24902,Monomer,Peptidomimetic 5e,Pac,X,4-Ome-PMA,Synthetic,Gram+    Gram-    Mammalian Cell,Membrane Protein    DNA / RNA,"['Gram+', 'Gram-', 'Mammalian Cell']","['Membrane Protein', 'DNA / RNA']",Synthetic,1,Out of range (<2 aa),Unclassified,
24903,Monomer,Peptidomimetic 5f,Pac,X,4-F-PMA,Synthetic,Gram+    Gram-    Mammalian Cell,Membrane Protein    DNA / RNA,"['Gram+', 'Gram-', 'Mammalian Cell']","['Membrane Protein', 'DNA / RNA']",Synthetic,1,Out of range (<2 aa),Unclassified,
24904,Monomer,Peptidomimetic 5g,Pac,X,PMA,Synthetic,Gram+    Gram-    Mammalian Cell,Membrane Protein    DNA / RNA,"['Gram+', 'Gram-', 'Mammalian Cell']","['Membrane Protein', 'DNA / RNA']",Synthetic,1,Out of range (<2 aa),Unclassified,
24905,Monomer,Peptidomimetic 5h,Pac,X,4-Ome-PMA,Synthetic,Gram+    Gram-    Mammalian Cell,Membrane Protein    DNA / RNA,"['Gram+', 'Gram-', 'Mammalian Cell']","['Membrane Protein', 'DNA / RNA']",Synthetic,1,Out of range (<2 aa),Unclassified,
24906,Monomer,Peptidomimetic 5i,Pac,X,4-F-PMA,Synthetic,Gram+    Gram-    Mammalian Cell,Membrane Protein    DNA / RNA,"['Gram+', 'Gram-', 'Mammalian Cell']","['Membrane Protein', 'DNA / RNA']",Synthetic,1,Out of range (<2 aa),Unclassified,
24907,Monomer,Peptidomimetic 5J,ACT,X,PMA,Synthetic,Gram+    Gram-    Mammalian Cell,Membrane Protein    DNA / RNA,"['Gram+', 'Gram-', 'Mammalian Cell']","['Membrane Protein', 'DNA / RNA']",Synthetic,1,Out of range (<2 aa),Unclassified,
24908,Monomer,Peptidomimetic 5k,ACT,X,4-Ome-PMA,Synthetic,Gram+    Gram-    Mammalian Cell,Membrane Protein    DNA / RNA,"['Gram+', 'Gram-', 'Mammalian Cell']","['Membrane Protein', 'DNA / RNA']",Synthetic,1,Out of range (<2 aa),Unclassified,
24909,Monomer,Peptidomimetic 5l,ACT,X,4-F-PMA,Synthetic,Gram+    Gram-    Mammalian Cell,Membrane Protein    DNA / RNA,"['Gram+', 'Gram-', 'Mammalian Cell']","['Membrane Protein', 'DNA / RNA']",Synthetic,1,Out of range (<2 aa),Unclassified,
24916,Monomer,Peptidomimetic 5m,ACT,X,PMA,Synthetic,Gram+    Gram-    Mammalian Cell,Membrane Protein    DNA / RNA,"['Gram+', 'Gram-', 'Mammalian Cell']","['Membrane Protein', 'DNA / RNA']",Synthetic,1,Out of range (<2 aa),Unclassified,
24917,Monomer,Peptidomimetic 5n,ACT,X,4-Ome-PMA,Synthetic,Gram+    Gram-    Mammalian Cell,Membrane Protein    DNA / RNA,"['Gram+', 'Gram-', 'Mammalian Cell']","['Membrane Protein', 'DNA / RNA']",Synthetic,1,Out of range (<2 aa),Unclassified,
24918,Monomer,Peptidomimetic 5o,ACT,X,4-F-PMA,Synthetic,Gram+    Gram-    Mammalian Cell,Membrane Protein    DNA / RNA,"['Gram+', 'Gram-', 'Mammalian Cell']","['Membrane Protein', 'DNA / RNA']",Synthetic,1,Out of range (<2 aa),Unclassified,
24919,Monomer,Peptidomimetic 5p,ACT,X,PMA,Synthetic,Gram+    Gram-    Mammalian Cell,Membrane Protein    DNA / RNA,"['Gram+', 'Gram-', 'Mammalian Cell']","['Membrane Protein', 'DNA / RNA']",Synthetic,1,Out of range (<2 aa),Unclassified,
24920,Monomer,Peptidomimetic 5q,ACT,X,4-Ome-PMA,Synthetic,Gram+    Gram-    Mammalian Cell,Membrane Protein    DNA / RNA,"['Gram+', 'Gram-', 'Mammalian Cell']","['Membrane Protein', 'DNA / RNA']",Synthetic,1,Out of range (<2 aa),Unclassified,
24921,Monomer,Peptidomimetic 5r,ACT,X,4-F-PMA,Synthetic,Gram+    Gram-    Mammalian Cell,Membrane Protein    DNA / RNA,"['Gram+', 'Gram-', 'Mammalian Cell']","['Membrane Protein', 'DNA / RNA']",Synthetic,1,Out of range (<2 aa),Unclassified,
25255,Monomer,,C16,E,,Synthetic,,,[],[],Synthetic,1,Out of range (<2 aa),Unclassified,
25354,Monomer,,,K,C4H9-NH2,Synthetic,,,[],[],Synthetic,1,Out of range (<2 aa),Unclassified,
25657,Monomer,,OVal,V,,Synthetic,,,[],[],Synthetic,1,Out of range (<2 aa),Unclassified,
25661,Monomer,,2-OH-C3,V,,Synthetic,,,[],[],Synthetic,1,Out of range (<2 aa),Unclassified,
25662,Monomer,,OVal,V,2-OH-C3,Synthetic,,,[],[],Synthetic,1,Out of range (<2 aa),Unclassified,
